beijing	0.0	0.125
chinese	0.333333333333	0.625
tokyo	0.333333333333	0.0
shanghai	0.0	0.125
japan	0.333333333333	0.0
macao	0.0	0.125
